pop,resources
6,50.025
8,50.33698
9,50.49097
9,50.55397
11,50.61697
11,50.65498
13,50.69298
13,50.74397
15,50.77797
15,50.82297
15,50.85297
17,50.88297
17,50.90897
17,50.94797
15,50.97397
15,51.00397
16,51.03397
16,51.06197
16,51.08997
16,51.11797
18,51.15997
20,51.18397
20,51.20396
20,51.22396
22,51.24396
24,51.25996
24,51.37397
24,51.39197
24,51.40397
24,51.41597
25,51.42797
27,51.42797
27,51.42797
27,51.42797
27,51.42797
27,51.42797
28,51.42797
30,51.42797
32,51.42797
33,51.42797
33,51.42797
33,51.42797
34,51.42797
34,51.42797
34,51.42797
34,51.42797
34,51.42797
34,51.42797
34,51.42797
33,51.42797
34,51.42797
34,51.42797
34,51.42797
35,51.42797
33,51.41797
33,51.41797
34,51.41797
34,51.41797
34,51.41797
32,51.41797
33,51.41797
33,51.41797
35,51.41797
35,51.40797
36,51.39296
36,51.38096
36,51.36896
38,51.35696
39,51.34096
40,51.32296
40,51.30297
40,51.28297
40,51.26297
40,51.24298
40,51.22298
40,51.20298
40,51.17299
40,51.15299
40,51.133
40,51.103
40,51.083
40,51.06301
40,51.04301
40,51.02301
40,51.00302
40,50.98302
40,50.96302
40,50.93303
40,50.91303
41,50.88304
41,50.86103
41,50.83903
41,50.81703
43,50.79502
45,50.76902
45,50.73903
45,50.69403
45,50.66403
46,50.63403
46,50.60203
47,50.57003
47,50.53604
47,50.50204
47,50.46804
47,50.41705
47,50.38305
47,50.34906
49,50.31506
49,50.27706
49,50.23906
49,50.20105
49,50.16305
49,50.12505
49,50.08705
49,50.04905
49,49.99204
49,49.95404
49,49.91604
49,49.87804
49,49.82103
49,49.78303
50,49.74503
50,49.70503
52,49.66503
52,49.62103
52,49.57703
52,49.53303
52,49.46703
52,49.42303
52,49.37904
52,49.33504
52,49.29104
52,49.24704
52,49.20304
52,49.13704
52,49.09304
54,49.04905
54,49.00105
55,48.95305
55,48.90305
54,48.85305
54,48.80505
54,48.75705
52,48.70906
52,48.66506
53,48.59906
55,48.55306
55,48.50306
54,48.45306
54,48.38106
55,48.33307
55,48.28306
55,48.23306
55,48.18306
56,48.13305
57,48.08105
56,48.02705
56,47.97505
57,47.92305
57,47.86905
57,47.78804
57,47.73404
57,47.68004
57,47.62604
58,47.54504
58,47.48904
60,47.43304
60,47.37304
60,47.31305
59,47.25305
59,47.19505
59,47.10805
59,47.02105
59,46.96305
59,46.87606
58,46.81806
58,46.76206
58,46.70606
58,46.65006
58,46.59406
58,46.53806
57,46.48206
56,46.42806
56,46.37606
56,46.32405
56,46.27205
56,46.19405
57,46.14205
57,46.08805
57,46.00705
57,45.95304
57,45.89904
57,45.84504
55,45.76404
55,45.71404
55,45.66404
53,45.61403
51,45.56804
49,45.52604
49,45.48803
50,45.45003
49,45.41003
49,45.37203
47,45.33403
47,45.30003
47,45.24903
48,45.21504
47,45.17904
46,45.14504
46,45.11304
46,45.08104
46,45.04905
44,45.01705
44,44.97505
44,44.94705
44,44.91905
44,44.89105
45,44.86305
45,44.83305
45,44.80305
45,44.75805
43,44.71305
43,44.68705
43,44.64805
43,44.62205
45,44.59605
45,44.56605
45,44.52105
46,44.49105
44,44.45906
44,44.41706
44,44.38906
44,44.36106
44,44.33306
44,44.30506
44,44.27706
44,44.24906
44,44.22106
44,44.19306
44,44.16506
44,44.12306
44,44.09506
44,44.06706
44,44.03906
44,43.99706
46,43.96906
46,43.93706
46,43.90506
46,43.87307
46,43.84107
46,43.80907
45,43.77707
45,43.74707
45,43.71708
43,43.68708
44,43.66108
45,43.63308
46,43.60308
46,43.57108
46,43.53908
46,43.50708
46,43.47509
46,43.44309
45,43.39509
45,43.36509
46,43.33509
48,43.3031
49,43.26709
47,43.22909
46,43.1951
46,43.1631
46,43.1311
46,43.0991
45,43.0671
45,43.03711
45,42.99211
45,42.96211
45,42.93211
45,42.88711
45,42.85711
45,42.82711
45,42.79712
44,42.75212
43,42.72412
43,42.69812
45,42.67212
43,42.64212
43,42.61612
41,42.59011
41,42.55711
41,42.53511
41,42.5131
41,42.4911
41,42.4581
41,42.43609
41,42.41409
42,42.39209
42,42.36808
42,42.34408
42,42.32008
44,42.29608
44,42.26808
44,42.24008
44,42.21208
44,42.18408
44,42.15608
44,42.12808
44,42.10008
44,42.07208
44,42.04408
44,42.01608
44,41.98808
44,41.96008
44,41.93208
44,41.90408
44,41.87608
43,41.84808
42,41.82208
42,41.79808
42,41.77407
43,41.73807
43,41.71207
44,41.68607
44,41.65807
44,41.61607
44,41.58807
44,41.56007
43,41.51807
44,41.49207
44,41.46407
44,41.43607
44,41.39407
44,41.36607
44,41.33807
44,41.29607
44,41.26807
44,41.24007
44,41.21207
44,41.17007
43,41.14207
43,41.11607
43,41.09007
43,41.06407
43,41.03807
43,41.01207
44,40.98606
43,40.95807
42,40.93206
42,40.90806
42,40.87206
42,40.84806
42,40.82405
42,40.80005
42,40.77605
42,40.75205
42,40.72805
42,40.70404
42,40.66804
42,40.64404
42,40.62004
42,40.59604
42,40.57203
42,40.54803
42,40.50003
42,40.47602
41,40.45202
43,40.43002
42,40.40402
43,40.38002
43,40.34101
43,40.31501
43,40.28901
43,40.26301
43,40.22401
42,40.19801
42,40.17401
43,40.138
43,40.112
43,40.086
44,40.06
44,40.032
44,40.004
44,39.976
44,39.948
44,39.906
44,39.878
44,39.85
42,39.822
42,39.798
40,39.774
42,39.754
42,39.718
41,39.694
41,39.67199
41,39.64999
40,39.61699
39,39.59699
39,39.57899
38,39.55199
38,39.536
39,39.52
39,39.502
39,39.484
39,39.466
39,39.44801
41,39.43001
41,39.397
40,39.375
40,39.355
39,39.33501
39,39.31701
39,39.29901
39,39.28101
39,39.26302
39,39.24502
37,39.22702
37,39.21302
38,39.19202
37,39.17602
37,39.16202
37,39.14802
39,39.13402
39,39.11602
40,39.09803
40,39.07803
40,39.05803
40,39.03804
39,39.01804
38,39.00004
36,38.98404
36,38.97204
36,38.96004
36,38.94804
35,38.93004
37,38.92004
37,38.90604
37,38.88504
38,38.87104
38,38.85504
38,38.83904
40,38.82304
40,38.80304
40,38.78305
40,38.76305
40,38.74305
39,38.72306
39,38.70506
39,38.68706
39,38.66906
39,38.65107
37,38.63307
37,38.61907
37,38.60507
37,38.59107
37,38.57707
38,38.56307
38,38.54707
38,38.53107
39,38.51507
39,38.49707
39,38.47908
39,38.46108
38,38.44308
38,38.42708
40,38.41108
40,38.39109
40,38.37109
40,38.35109
40,38.3211
39,38.3011
39,38.2831
39,38.25611
39,38.23811
39,38.22011
39,38.20211
40,38.18412
40,38.16412
40,38.14412
40,38.12413
40,38.09413
39,38.07413
37,38.05614
37,38.03514
37,38.02114
35,38.00714
36,37.99714
36,37.98513
36,37.97313
37,37.96113
36,37.94713
36,37.92913
37,37.91713
38,37.90313
38,37.88713
39,37.87113
39,37.85313
39,37.83514
39,37.80814
39,37.79014
39,37.77214
39,37.75415
39,37.72715
39,37.70915
39,37.69115
39,37.66416
39,37.64616
39,37.62816
39,37.61016
39,37.58317
39,37.56517
39,37.54717
39,37.52018
39,37.50218
39,37.48418
38,37.46618
38,37.45018
38,37.43419
38,37.41819
38,37.40219
37,37.37819
37,37.36419
36,37.35019
36,37.33819
36,37.32619
36,37.31419
37,37.30219
37,37.28819
37,37.27419
37,37.26019
37,37.24619
37,37.23219
37,37.21819
37,37.20419
36,37.18319
36,37.17118
36,37.15918
36,37.14718
36,37.13518
36,37.12318
36,37.11118
35,37.09318
33,37.08318
33,37.08318
33,37.08318
33,37.08318
33,37.08318
33,37.08318
33,37.08318
32,37.08318
32,37.08318
32,37.08318
32,37.08318
32,37.08318
32,37.08318
32,37.08318
33,37.08318
33,37.08318
34,37.08318
36,37.08318
37,37.07117
37,37.05017
37,37.03617
37,37.02217
37,37.00117
37,36.98717
39,36.97318
39,36.95518
39,36.93718
39,36.91918
39,36.90118
38,36.88319
38,36.86719
37,36.85119
39,36.83719
38,36.81919
38,36.79519
38,36.77919
36,36.7632
36,36.74519
37,36.73319
37,36.71919
35,36.70519
35,36.69519
35,36.68519
35,36.67519
37,36.66518
37,36.65118
36,36.63718
36,36.62518
36,36.61318
36,36.59518
36,36.58318
36,36.57118
36,36.55918
36,36.54718
36,36.53518
36,36.52317
36,36.51117
38,36.49917
38,36.48317
38,36.46717
38,36.45118
37,36.43518
37,36.42118
37,36.40718
35,36.38618
35,36.37617
35,36.36617
35,36.35617
36,36.34617
36,36.33417
36,36.32217
36,36.31017
36,36.29216
36,36.28016
36,36.26816
36,36.25016
36,36.23816
36,36.22616
36,36.21416
36,36.20216
36,36.19016
37,36.17815
37,36.16415
36,36.15015
36,36.13815
36,36.12615
36,36.11415
36,36.09615
36,36.08415
35,36.07215
36,36.05714
35,36.04514
34,36.03514
36,36.03514
36,36.01714
37,36.00514
37,35.99114
39,35.97014
39,35.95214
39,35.93414
38,35.91615
38,35.89215
40,35.87615
39,35.85615
40,35.83715
38,35.81716
37,35.80116
37,35.78716
37,35.77316
36,35.75916
37,35.74516
37,35.73116
37,35.71716
37,35.70316
37,35.68916
37,35.67516
37,35.65416
37,35.64016
37,35.62616
37,35.61216
38,35.59816
37,35.58216
38,35.56816
38,35.55216
38,35.52816
38,35.51217
38,35.49617
37,35.48017
37,35.46617
37,35.45217
37,35.43817
37,35.42417
36,35.41017
36,35.39617
37,35.38317
35,35.36917
36,35.35917
36,35.34716
36,35.33516
36,35.32316
35,35.31116
34,35.30116
35,35.29616
35,35.28115
35,35.27115
35,35.26115
35,35.25115
35,35.23615
35,35.22614
36,35.21614
36,35.19814
34,35.18614
34,35.18614
34,35.18614
34,35.18614
36,35.18614
36,35.17414
35,35.15614
35,35.14613
34,35.13613
35,35.12613
34,35.11613
35,35.10612
35,35.09612
35,35.08612
35,35.07612
35,35.06612
35,35.12611
35,35.25611
35,35.38611
35,35.56611
34,35.79611
33,36.02711
32,36.26112
32,36.49712
33,36.73312
33,36.96712
33,37.20112
33,37.55212
33,37.78612
34,38.02012
34,38.36813
34,38.60013
35,38.83213
35,39.06213
35,39.40714
35,39.63714
35,39.86715
35,40.21215
35,40.44215
35,40.67216
35,40.90216
33,41.13216
33,41.36617
32,41.60017
32,41.83617
32,42.07217
30,42.30817
30,42.54816
31,42.78816
31,43.02616
31,43.26416
29,43.50216
29,43.74416
29,43.98615
29,44.22815
27,44.47015
27,44.71615
27,45.08515
27,45.33115
27,45.57716
27,45.94616
27,46.19216
29,46.43816
29,46.68016
29,47.04316
29,47.28515
30,47.52715
30,47.88715
30,48.12714
30,48.36714
30,48.60714
30,48.84714
31,49.08714
32,49.32513
33,49.56113
32,49.79514
32,50.03114
34,50.26714
34,50.49914
34,50.84714
34,51.07914
34,51.31115
35,51.65915
37,51.88915
37,52.11515
37,52.34115
37,52.68015
37,52.90614
38,53.13214
39,53.46814
40,53.69014
39,53.91014
40,54.13214
41,54.46214
41,54.68015
41,54.89815
40,55.22515
40,55.44515
40,55.66515
40,55.88515
40,56.10516
40,56.32516
40,56.54516
40,56.76516
40,57.09516
39,57.31516
39,57.53716
39,57.75916
39,57.98116
39,58.20316
39,58.42516
39,58.75816
40,58.98016
40,59.20016
40,59.42017
41,59.64017
42,59.85817
44,60.07417
43,60.28617
43,60.60717
43,60.82116
43,61.03516
44,61.24916
44,61.46115
44,61.67315
44,61.88515
44,62.20315
43,62.41515
43,62.62914
43,62.84314
41,63.16413
41,63.38214
41,63.60014
42,63.92714
42,64.14314
44,64.35915
44,64.57115
44,64.88916
44,65.10117
44,65.31317
46,65.63118
46,65.83917
46,66.04716
46,66.25516
46,66.46315
46,66.67114
46,66.87914
47,67.08713
47,67.29312
47,67.49911
47,67.70511
47,67.9111
47,68.1171
47,68.32309
46,68.52908
46,68.73708
46,68.94507
47,69.15306
46,69.35905
46,69.56705
46,69.77504
46,69.98303
46,70.19102
47,70.39902
47,70.70801
47,70.914
49,71.12
51,71.32199
53,71.51999
53,71.71399
53,71.90799
53,72.19899
53,72.39299
54,72.58699
54,72.77899
56,72.97099
55,73.159
55,73.349
55,73.539
54,73.729
56,73.92101
57,74.10901
57,74.29501
57,74.48102
57,74.66702
58,74.85303
58,75.03703
60,75.31304
61,75.49303
62,75.67103
62,75.84702
62,76.02302
62,76.19901
62,76.37501
63,76.551
63,76.725
63,76.89899
63,77.15999
63,77.33398
63,77.50798
63,77.76897
63,77.94297
63,78.11697
65,78.29096
65,78.54596
65,78.71596
65,78.88596
65,79.14095
65,79.31095
64,79.48095
64,79.65295
64,79.91094
64,80.08294
66,80.25494
66,80.50694
66,80.67493
66,80.84293
66,81.01093
66,81.26293
66,81.43093
65,81.59893
64,81.85393
64,82.02592
64,82.19792
63,82.36992
63,82.63091
63,82.80491
63,82.9789
65,83.2399
65,83.4099
65,83.5799
65,83.74989
66,84.00489
66,84.17289
66,84.34089
66,84.59289
66,84.76089
66,84.92889
66,85.09689
66,85.34888
66,85.51688
66,85.68488
67,85.85288
68,86.01888
68,86.18288
66,86.34689
66,86.51488
66,86.68288
66,86.85088
66,87.01888
66,87.27088
67,87.43888
68,87.60488
67,87.76888
67,88.01788
67,88.18388
67,88.34988
67,88.51588
68,88.68188
69,88.84589
69,89.00789
69,89.25089
69,89.4129
69,89.5749
69,89.7369
69,89.8989
69,90.06091
69,90.22291
69,90.46591
69,90.62791
69,90.78992
70,90.95192
68,91.11192
70,91.27592
70,91.43593
70,91.67593
70,91.83594
70,91.99594
70,92.15594
69,92.39595
69,92.55795
69,92.71996
69,92.96296
69,93.12496
69,93.28696
70,93.44897
70,93.68897
70,93.84898
70,94.00898
70,94.24899
70,94.40899
70,94.56899
70,94.729
70,94.969
70,95.12901
68,95.28901
68,95.53501
68,95.69901
68,95.86301
68,96.02702
68,96.19102
68,96.35502
69,96.51902
69,96.68102
69,96.84303
69,97.00503
70,97.16703
72,97.32703
73,97.56104
74,97.71505
74,97.86704
76,98.09503
76,98.24303
77,98.39102
77,98.53702
77,98.68301
79,98.82901
80,98.97101
80,99.11101
80,99.25101
80,99.39101
81,99.53101
83,99.66901
83,99.80301
84,99.93701
85,100.069
85,100.199
85,100.394
86,100.524
86,100.652
87,100.78
86,100.9061
86,101.0341
86,101.1621
86,101.3541
86,101.4821
86,101.6101
84,101.7381
84,101.9361
84,102.0681
84,102.2001
84,102.3981
85,102.5301
85,102.6601
83,102.7901
83,102.9241
82,103.0581
83,103.1941
82,103.3281
84,103.4641
84,103.5961
84,103.7281
84,103.8601
84,104.0582
84,104.1902
84,104.3222
84,104.5202
84,104.6522
84,104.7842
84,104.9162
84,105.1142
84,105.2462
84,105.3782
84,105.5762
86,105.7082
86,105.8362
86,105.9642
86,106.1562
86,106.2842
86,106.4122
87,106.5402
88,106.6662
88,106.7902
88,106.9142
88,107.0382
90,107.1622
91,107.2822
91,107.4002
91,107.5182
91,107.6362
91,107.7542
91,107.9312
91,108.0492
92,108.1672
92,108.3412
92,108.4572
92,108.5732
92,108.6892
92,108.8052
93,108.9212
95,109.0352
95,109.1452
95,109.2552
95,109.3652
95,109.4752
95,109.5852
95,109.6952
95,109.8052
95,109.9152
96,110.0252
96,110.1332
96,110.2412
96,110.3492
96,110.4572
96,110.6192
96,110.7272
96,110.8352
95,110.9972
96,111.1072
96,111.2152
96,111.3232
96,111.4312
96,111.5392
94,111.6472
94,111.7592
93,111.8712
92,111.9852
92,112.1012
92,112.2172
92,112.3912
92,112.5072
92,112.6232
92,112.7972
92,112.9132
92,113.0292
92,113.1452
92,113.2612
92,113.3772
92,113.4932
92,113.6092
92,113.7831
92,113.8991
92,114.0151
92,114.1311
94,114.2471
92,114.3591
92,114.4751
92,114.6491
92,114.7651
94,114.8811
94,114.9931
94,115.1611
94,115.2731
94,115.3851
94,115.4971
94,115.6091
94,115.7211
94,115.8331
94,115.9451
94,116.0571
94,116.1691
94,116.2811
94,116.4491
94,116.5611
94,116.6731
94,116.7851
94,116.8971
94,117.0091
93,117.1771
95,117.2911
97,117.4011
99,117.5071
100,117.6601
100,117.7601
100,117.8601
100,117.9601
100,118.0602
100,118.1602
99,118.2602
99,118.3622
99,118.4642
99,118.5662
99,118.6682
99,118.7702
99,118.8722
99,118.9742
100,119.0762
100,119.1762
100,119.2762
99,119.3762
101,119.4782
101,119.5762
101,119.6742
101,119.7722
103,119.8703
103,119.9642
105,120.1052
105,120.1952
105,120.2852
105,120.4202
106,120.5102
106,120.5982
106,120.6862
106,120.8182
104,120.9062
104,120.9982
104,121.0902
104,121.1822
106,121.2742
106,121.3622
106,121.4942
107,121.5822
107,121.6682
107,121.7972
107,121.8832
107,121.9692
107,122.0552
106,122.1842
106,122.2722
106,122.3602
106,122.4482
106,122.5362
104,122.6242
102,122.7162
104,122.8121
104,122.9041
104,122.9961
104,123.0881
104,123.1801
104,123.3181
104,123.4101
104,123.5021
103,123.5941
103,123.6881
103,123.7821
104,123.8761
104,124.0141
104,124.1061
104,124.1981
104,124.2901
104,124.3821
104,124.4741
104,124.5661
103,124.704
103,124.798
103,124.892
104,124.986
104,125.124
104,125.216
104,125.308
104,125.446
105,125.538
105,125.628
105,125.718
105,125.808
105,125.898
105,125.988
105,126.078
106,126.168
106,126.256
106,126.344
106,126.432
106,126.52
106,126.608
105,126.696
106,126.831
107,126.919
108,127.005
108,127.131
108,127.215
109,127.299
109,127.381
109,127.504
110,127.586
110,127.666
110,127.786
110,127.866
112,127.946
112,128.022
113,128.1359
113,128.2099
113,128.284
113,128.395
113,128.469
113,128.543
113,128.617
112,128.691
112,128.767
112,128.843
112,128.9189
112,129.0329
112,129.1089
112,129.1849
110,129.2609
110,129.3409
108,129.4209
108,129.5049
109,129.6309
108,129.7129
109,129.7969
109,129.8789
108,129.9609
108,130.0449
108,130.129
108,130.213
108,130.297
108,130.381
108,130.465
110,130.549
109,130.669
110,130.751
110,130.831
110,130.951
111,131.031
109,131.109
109,131.232
109,131.314
109,131.396
109,131.478
110,131.601
110,131.681
110,131.7609
110,131.8409
110,131.9609
112,132.0409
110,132.1169
110,132.1969
110,132.2769
110,132.3568
110,132.4368
110,132.5168
110,132.5968
111,132.6768
111,132.7548
111,132.8718
111,132.9498
112,133.0278
112,133.1038
114,133.2178
114,133.2898
114,133.3618
114,133.4697
114,133.5417
114,133.6137
114,133.7217
115,133.7937
115,133.8637
116,133.9337
114,134.0357
114,134.1077
114,134.1797
115,134.2517
115,134.3217
115,134.3917
113,134.4617
114,134.5357
114,134.6077
114,134.6797
114,134.7517
114,134.8237
114,134.9317
112,135.0036
112,135.0796
112,135.1936
113,135.2696
113,135.3436
113,135.4176
114,135.4916
114,135.5636
114,135.6356
114,135.7076
114,135.7796
114,135.8516
114,135.9236
114,135.9956
114,136.1035
114,136.1755
114,136.2475
114,136.3555
114,136.4275
114,136.4995
114,136.5715
114,136.6435
114,136.6155
115,136.5874
115,136.4574
115,136.2274
115,135.9974
115,135.7674
115,135.5374
113,135.3074
113,135.0814
113,134.8554
113,134.6293
114,134.4033
114,134.1753
116,133.9473
116,133.7153
116,133.3674
115,133.1354
115,132.9053
115,132.5603
115,132.3303
115,133.3003
115,134.2703
116,135.8453
116,136.9333
117,138.0213
119,139.6503
119,140.7323
119,141.8143
119,142.8963
119,143.9783
119,145.0603
119,146.1423
120,147.2243
120,148.8443
121,149.9243
121,151.0023
121,152.0803
121,153.1583
122,154.2363
122,155.3123
122,156.9263
122,158.0023
122,159.0783
122,160.1543
122,161.2303
122,162.3062
122,163.3822
122,164.4582
122,166.0722
123,167.1482
123,168.2222
124,169.2962
126,170.3682
126,171.4362
127,172.5042
127,174.1032
129,175.1692
130,176.2312
130,177.2912
130,178.3512
131,179.4112
131,180.4692
131,181.5272
131,182.5853
131,183.6433
130,184.7013
130,185.7613
130,186.8213
129,187.8813
129,189.4743
129,190.5363
129,191.5983
129,193.1913
129,194.2533
129,195.3154
128,196.3774
128,197.9734
128,199.0374
128,200.1013
128,201.6973
128,202.7613
128,203.8253
128,204.8893
128,205.9533
130,207.0173
130,208.0773
130,209.1373
131,210.1973
131,211.2553
131,212.3133
131,213.3714
132,214.9584
132,216.0144
131,217.0704
131,218.6574
132,219.7154
133,220.7714
133,221.8254
133,223.4064
133,224.4604
133,225.5143
133,226.5683
133,227.6223
133,228.6763
133,229.7303
135,231.3113
135,232.3613
135,233.4112
136,234.4612
137,235.5092
137,236.5552
137,237.6012
137,238.6472
137,240.2162
137,241.2622
137,242.3082
137,243.3542
137,244.4001
137,245.4461
136,246.4921
137,247.5401
137,248.5861
137,249.6321
137,250.6781
138,252.2471
139,253.2911
139,254.3331
139,255.3751
140,256.4171
140,257.4571
140,258.497
141,259.537
141,260.575
141,261.6131
141,262.6511
141,263.6891
143,265.2462
143,266.2802
143,267.3141
142,268.8651
142,269.9012
142,270.9372
144,271.9732
145,273.5211
145,274.5512
145,275.5812
145,277.1263
145,278.1563
146,279.1863
148,280.2143
148,281.7503
148,282.7743
148,283.7983
148,285.3343
148,286.3582
150,287.3822
152,288.4023
152,289.9262
152,290.9422
152,291.9582
152,293.4822
152,294.4982
154,295.5142
154,296.5262
154,298.0443
154,299.0563
154,300.0683
154,301.0803
154,302.0923
154,303.1044
154,304.1164
155,305.1284
156,306.1384
156,307.1464
156,308.1544
156,309.6664
156,310.6744
156,311.6824
156,313.1944
156,314.2024
156,315.2104
158,316.2184
158,317.7244
159,318.7285
159,319.7305
159,320.7325
159,321.7345
159,322.7365
160,323.7385
160,324.7385
160,325.7385
160,326.7385
160,327.7385
160,329.2385
160,330.2385
160,331.2385
160,332.2385
160,333.2385
160,334.2385
161,335.2385
159,336.2365
160,337.7395
160,338.7395
160,339.7395
160,340.7395
162,341.7395
164,342.7355
164,343.7275
165,344.7195
164,345.7095
164,346.7015
164,347.6935
164,349.1815
164,350.1735
165,351.1655
165,352.1555
165,353.1455
165,354.1355
166,355.1255
165,356.1135
165,357.1035
164,358.0934
165,359.0854
166,360.0754
165,361.5574
165,362.5474
165,363.5374
165,365.0224
165,366.0124
165,367.0023
166,367.9923
167,369.4743
167,370.4603
167,371.4464
167,372.4324
167,373.4184
167,374.4044
167,375.3904
167,376.8695
168,377.8555
168,378.8395
170,379.8235
170,380.8035
170,381.7835
171,382.7635
172,383.7415
171,385.2055
171,386.1835
171,387.1616
171,388.6286
171,389.6066
171,390.5847
171,391.5627
171,393.0297
172,394.0078
174,394.9838
174,395.9557
174,396.9277
174,397.8997
175,398.8717
175,399.3567
175,400.8116
177,401.7816
177,402.7476
177,403.7136
178,404.6796
179,405.6436
179,406.6056
181,407.5676
181,408.5256
182,409.4836
182,410.4396
182,411.3956
182,412.3516
182,413.3076
182,414.2635
183,415.2195
182,416.1735
184,417.1295
184,418.5576
184,419.5096
184,420.4616
184,421.4136
184,422.3657
184,423.3177
184,424.2697
184,425.6978
184,426.6498
185,427.6018
185,428.5518
185,429.9768
186,430.9268
186,431.8748
187,432.8228
187,433.7688
187,434.7148
189,435.6608
189,436.6028
189,437.5448
189,438.4868
189,439.4289
189,440.8419
189,441.7839
189,442.7259
189,443.6679
190,445.081
190,446.021
190,446.961
191,448.371
191,449.309
191,450.2469
191,451.1849
192,452.1229
192,453.0589
192,453.9949
192,454.9308
194,456.3348
195,457.2668
195,458.1968
195,459.1268
195,460.0568
195,460.9868
196,461.9168
196,463.3087
196,464.2367
194,465.1647
195,466.0967
195,467.4917
195,468.4217
197,469.3517
197,470.7407
197,471.6667
197,472.5928
198,473.5188
198,474.9048
200,475.8288
200,476.7488
200,478.1288
202,479.0488
203,479.9648
203,480.8788
203,482.2498
203,483.1638
203,484.0778
203,485.4488
203,486.3628
203,487.2768
203,488.1908
203,489.5618
203,490.4758
203,491.3898
203,492.7608
203,493.6748
203,494.5888
203,495.5028
203,496.4168
204,497.3308
204,498.2428
204,499.1548
204,500.0668
205,500.9788
205,501.8887
206,502.7987
207,504.1607
207,505.0667
207,505.9727
207,507.3318
209,508.2378
209,509.1397
209,510.0417
209,511.3947
210,512.2967
211,513.1967
212,514.5436
214,515.4396
215,516.3316
216,517.2216
216,518.1096
217,518.9975
217,519.8835
218,520.7695
218,522.0955
218,522.9796
218,523.8636
218,524.7476
220,525.6317
219,526.5117
219,527.3936
219,528.7166
219,529.5985
219,530.4805
219,531.3624
219,532.6854
219,533.5673
220,534.4493
220,535.7693
221,536.6493
222,537.5273
224,538.4033
225,539.7112
227,540.5812
227,541.4472
228,542.7462
230,543.6102
230,544.4702
230,545.3301
230,546.6201
230,547.4801
230,548.3401
231,549.6301
232,550.4881
232,551.3441
232,552.2
232,553.056
232,553.9119
232,554.7679
232,555.6238
232,556.4798
232,557.3358
232,558.1917
232,559.0477
231,559.9036
231,560.7617
232,561.6197
232,562.4756
232,563.7596
232,564.6155
232,565.4715
234,566.3275
234,567.1795
236,568.0316
237,568.8796
237,570.1485
239,570.9944
239,571.8365
239,573.0995
240,573.9416
240,574.7816
241,575.6215
242,576.4595
242,577.2956
242,578.1317
242,578.9677
242,579.8038
242,580.6398
244,581.4759
244,582.3079
244,583.14
244,583.972
244,584.804
244,585.636
244,586.4681
244,587.3001
244,588.1321
244,588.9642
245,589.7962
245,590.6262
243,591.4561
243,592.7071
243,593.1241
243,594.3751
243,595.209
244,596.043
246,596.8751
247,597.7031
245,598.5291
246,599.3591
246,600.1871
248,601.0151
249,601.8391
249,602.6611
250,603.4831
250,604.303
250,605.123
251,605.9429
251,607.1699
252,607.9879
250,608.804
250,610.0339
250,610.8538
248,611.6738
249,612.4977
251,613.7308
251,614.5488
251,615.3668
251,616.5938
251,617.4117
252,618.2297
253,619.0458
253,620.2667
252,621.0807
253,621.8967
253,623.1177
254,623.9316
254,624.7437
254,625.5557
254,626.7737
254,627.5857
255,628.3977
255,629.6128
254,630.4229
255,631.2349
255,632.0449
255,632.855
255,633.665
256,634.4751
254,635.2831
254,636.0951
254,636.9071
255,637.7191
257,638.5292
257,639.3352
257,640.1412
257,640.9473
257,641.7533
258,642.5593
258,643.3633
258,644.1672
258,644.9712
258,645.7751
259,646.5791
261,647.3811
263,648.1791
263,649.37
263,650.1639
263,650.9579
262,651.7518
262,652.5479
262,653.3439
262,654.1399
262,655.3339
262,656.1299
262,656.926
263,657.722
263,658.5159
263,659.3099
263,660.1038
263,660.8978
265,661.6917
266,662.4818
266,663.2697
265,664.0577
265,664.8477
266,665.6378
266,666.4257
266,667.2137
266,668.3956
266,669.1836
266,669.9716
266,670.7595
264,671.5475
264,672.3395
266,673.1315
266,674.3134
267,675.1014
266,675.8874
267,676.6754
268,677.4614
269,678.2454
270,679.0274
271,680.1974
271,680.9754
273,681.7534
271,682.5274
271,683.3054
271,684.0833
271,684.8613
272,685.6392
272,686.8032
273,687.5792
273,688.3533
274,689.1273
274,689.8993
274,690.6713
275,691.4432
276,692.5983
277,693.3662
277,694.1322
277,694.8982
277,695.6642
277,696.4302
278,697.1962
280,697.9602
281,699.1002
281,699.8583
281,700.6163
282,701.7534
282,702.5094
282,703.2654
282,704.0214
282,705.1553
282,705.9113
283,706.6673
283,707.7983
283,708.5524
283,709.3064
282,710.0604
282,711.1944
282,711.9504
282,712.7064
284,713.8403
284,714.5923
284,715.3442
285,716.0962
285,717.2212
285,717.9712
285,718.7212
285,719.0962
286,720.2212
288,720.9692
288,722.0853
288,722.8293
289,723.5733
289,724.6862
289,725.4282
291,726.1701
291,726.9081
291,728.0152
291,728.7532
291,729.4913
291,730.2293
293,730.9673
294,731.7014
292,732.4334
292,733.1694
294,733.9053
292,734.6374
292,735.3734
292,736.1093
292,736.8453
293,737.5812
293,738.3152
293,739.0493
295,740.1503
295,740.8802
295,741.6102
295,742.3402
295,743.0702
295,743.8002
295,744.5302
296,745.6251
296,746.3531
296,747.0812
296,747.8092
297,748.9012
297,749.6272
298,750.3531
298,751.4391
300,752.1631
300,752.8831
301,753.9631
302,754.6811
303,755.397
305,756.111
305,757.176
304,757.8859
304,758.598
304,759.31
304,760.022
304,760.7341
304,761.4461
304,762.1581
304,763.2262
304,763.9382
304,764.6503
305,765.3623
305,766.0723
306,766.7822
306,767.4902
306,768.5522
306,769.2603
306,769.9683
306,770.6763
305,771.3843
306,772.0942
306,772.8022
306,773.5103
306,774.2183
306,774.9263
306,775.6343
306,776.3423
307,777.0503
307,777.7563
307,778.4624
308,779.1685
310,779.8724
310,780.5724
310,781.2723
310,782.3223
310,783.0222
311,783.7222
311,784.4202
311,785.4672
311,786.1652
311,786.8632
311,787.5612
313,788.2592
313,788.9531
314,789.6471
313,790.3391
313,791.0331
315,791.7271
314,792.417
315,793.455
316,794.145
316,794.8329
316,795.5209
317,796.5529
316,797.239
316,797.9269
317,798.9589
318,799.645
320,800.3289
321,801.009
323,802.0259
323,802.6999
323,803.3738
323,804.0478
323,804.7217
323,805.3957
323,806.0696
323,807.0806
323,807.7545
324,808.4285
324,809.1005
324,809.7725
324,810.4445
324,811.1165
326,811.7885
326,812.7904
326,813.4584
327,814.1263
328,814.7924
328,815.4563
328,816.1202
328,816.7842
329,817.4481
329,818.1101
329,818.7721
329,819.4341
330,820.0961
331,821.0861
331,821.7441
333,822.402
333,823.3831
335,824.0372
335,824.6872
336,825.6622
336,826.3102
336,826.9581
336,827.6061
337,828.578
338,829.224
338,829.868
339,830.5121
340,831.1541
340,831.7941
340,832.4341
340,833.0741
340,833.7141
338,834.3541
337,834.9982
338,835.6442
338,836.2882
337,836.9323
335,837.5782
337,838.2283
338,838.8743
338,839.5183
338,840.1624
339,840.8064
340,841.4484
341,842.0884
341,842.7263
341,843.6832
341,844.3212
341,844.9591
341,845.597
341,846.235
341,846.8729
343,847.5109
344,848.1449
344,849.0928
344,849.7248
344,850.3568
344,850.9887
345,851.6207
345,852.2507
345,852.8807
345,853.8257
346,854.4557
346,855.0837
347,856.0258
347,856.6518
347,857.2778
348,858.2167
347,858.8408
348,859.4667
350,860.0908
350,860.7108
352,861.3307
353,861.9467
353,862.5607
354,863.4818
355,864.0938
355,864.7038
355,865.3138
355,865.9238
355,866.5338
355,867.1437
355,868.0587
354,868.6687
355,869.2808
355,869.8907
355,870.8057
355,871.4157
355,872.0257
355,872.9407
355,873.5507
355,874.1606
355,874.7706
356,875.3806
356,875.9886
356,876.5967
358,877.2047
358,878.1107
358,878.7147
358,879.3187
358,880.2247
358,880.8287
358,881.4327
358,882.0367
358,882.6407
360,883.2448
360,883.8447
360,884.4447
361,885.3447
361,885.9427
361,886.5407
360,887.4377
360,888.0377
360,888.6377
360,889.2377
360,890.1376
361,890.7376
361,891.3356
362,892.2327
362,892.8286
363,893.4246
365,894.0186
365,894.6085
365,895.1985
365,895.7885
365,896.3784
365,896.9684
365,897.5583
365,898.1483
366,898.7383
367,899.6203
368,900.2064
368,900.7903
368,901.6663
368,902.2503
368,902.8343
368,903.4183
368,904.2943
368,904.8782
369,905.4622
369,906.3353
369,906.9173
369,907.4993
370,908.0814
370,908.6613
370,909.2413
370,909.8212
370,910.4012
370,911.2711
370,911.8511
370,912.431
370,913.301
370,913.8809
370,914.4609
371,915.0408
371,915.6188
371,916.1968
372,916.7748
372,917.3509
372,917.9269
372,918.503
372,919.079
374,919.6551
376,920.2271
377,920.7951
377,921.3611
378,921.9272
379,922.4911
379,923.0532
379,923.6152
379,924.1772
379,924.7392
379,925.3012
381,925.8632
383,926.4212
383,927.2521
383,927.8061
383,928.36
383,929.191
383,929.7449
382,930.2989
382,930.8549
382,931.689
381,932.245
381,932.803
381,933.361
381,933.9189
381,934.4769
381,935.0349
381,935.8719
379,936.4299
379,936.9919
379,937.5539
379,938.3969
379,938.9589
379,939.5209
379,940.0829
379,940.645
381,941.207
381,941.765
381,942.3229
381,943.1599
381,943.7179
383,944.2759
384,945.1068
386,945.6588
385,946.2068
385,946.7568
385,947.3069
385,947.8569
386,948.407
387,949.2289
387,949.775
387,950.321
387,950.867
388,951.413
389,951.957
390,952.499
390,953.039
390,953.8491
390,954.3891
390,954.9291
390,955.7392
390,956.2792
390,956.8193
390,957.3593
391,958.1694
392,958.7073
392,959.2433
392,960.0474
392,960.5834
392,961.1194
392,961.6554
391,962.4594
392,962.9974
392,963.5334
392,964.3374
392,964.8734
392,965.4094
392,965.9454
392,966.7495
391,967.2855
390,967.8234
390,968.6335
391,969.1735
391,969.7115
391,970.2495
391,970.7874
391,971.3254
391,971.8633
391,972.4013
391,972.9393
393,973.4772
394,974.0113
394,974.5433
394,975.3412
394,975.8732
394,976.4052
394,977.2032
394,977.7352
394,978.2672
394,978.7991
394,979.5971
392,980.1291
394,980.6651
395,981.4631
395,981.9931
395,982.5231
395,983.0532
395,983.8482
395,984.3782
395,984.9083
395,985.7033
394,986.2333
394,986.7653
394,987.2973
394,988.0953
395,988.6273
396,989.1573
396,989.9492
396,990.4772
396,991.0051
396,991.5331
396,992.325
395,992.853
396,993.383
396,994.1749
397,994.7029
399,995.2289
400,995.7509
400,996.5309
400,997.0509
400,997.5709
402,998.351
402,998.8669
402,999.3829
402,999.8989
400,1000.673
400,1001.193
399,1001.713
398,1002.235
400,1002.759
400,1003.279
400,1003.799
401,1004.319
401,1004.837
402,1005.355
403,1005.871
403,1006.642
404,1007.156
405,1007.668
405,1008.178
406,1008.943
407,1009.451
408,1009.957
408,1010.713
408,1011.217
408,1011.721
410,1012.225
410,1012.725
410,1013.225
410,1013.725
410,1014.225
410,1014.725
410,1015.225
412,1015.725
412,1016.221
412,1016.717
412,1017.213
412,1017.709
413,1018.205
413,1018.946
413,1019.44
414,1019.934
414,1020.426
414,1020.918
416,1021.41
415,1021.898
415,1022.633
416,1023.123
416,1023.611
416,1024.099
416,1024.831
416,1025.319
418,1025.807
419,1026.533
420,1027.015
420,1027.495
420,1027.975
421,1028.515
422,1028.873
420,1029.229
419,1027.969
419,1027.131
419,1026.393
419,1025.755
419,1024.898
421,1024.36
421,1023.818
422,1023.276
420,1022.732
418,1022.192
418,1021.656
418,1020.852
416,1020.316
416,1019.784
418,1019.252
420,1018.716
420,1018.176
420,1017.636
420,1017.096
420,1016.556
421,1016.016
421,1015.474
420,1014.932
420,1014.122
421,1013.582
421,1013.04
422,1012.227
422,1011.683
422,1011.139
423,1010.595
423,1010.049
424,1009.503
424,1008.955
425,1008.407
425,1007.582
425,1007.032
425,1006.482
425,1005.657
425,1005.107
427,1004.556
427,1004.003
427,1003.449
428,1002.895
428,1002.339
427,1001.783
427,1001.229
427,1000.675
427,1000.121
428,999.5667
429,999.0107
427,998.4527
427,997.8987
427,997.3448
427,996.7908
427,996.2369
429,995.6829
429,995.1249
429,994.567
430,993.909
430,993.249
430,992.5889
428,991.5989
428,990.9429
428,990.2869
428,989.6309
428,988.9749
429,988.3188
429,987.6609
429,986.674
430,986.016
430,985.356
430,984.6959
430,984.0359
430,983.3759
431,982.3858
431,981.7238
431,981.0618
433,980.0688
433,979.4028
433,978.7368
433,978.0708
433,977.0718
433,976.4058
433,975.7397
433,974.7407
434,974.0747
434,973.4067
436,972.7388
436,972.0668
436,971.3948
435,970.7228
435,970.0527
436,969.0477
436,968.3757
437,967.7037
437,967.0297
439,966.3558
439,965.6778
439,964.9998
439,964.3218
439,963.6439
441,962.9659
442,962.2839
442,961.5999
442,960.916
442,960.232
441,959.548
442,958.525
442,957.8411
444,957.1571
445,956.4691
445,955.7792
446,955.0892
446,954.3972
446,953.3592
446,952.6672
446,951.9752
446,951.2831
446,950.5911
446,949.8991
445,949.2071
446,948.5172
446,947.4791
446,946.7871
447,946.0951
447,945.4011
448,944.3602
448,943.6641
449,942.9681
449,941.9211
449,941.2231
449,940.5251
449,939.8271
449,939.1291
450,938.4311
450,937.7311
450,937.0312
450,936.3312
451,935.6313
451,934.9293
452,934.2272
452,933.5233
452,932.8193
452,932.1153
452,931.4113
453,930.3553
453,929.6493
453,928.9432
453,928.2372
453,927.5311
453,926.8251
453,926.119
453,925.0599
455,924.3539
455,923.6439
455,922.934
455,922.224
455,921.514
455,920.8041
455,920.0941
455,919.3842
455,918.6742
455,917.9642
455,917.2543
455,916.1893
455,915.4794
456,914.7694
456,913.7014
456,912.9893
456,912.2773
455,911.5652
455,910.8553
455,910.1453
455,909.4354
456,908.7254
456,908.0134
456,907.3013
456,906.5893
457,905.8773
459,905.1633
459,904.4453
459,903.7272
460,903.0092
460,901.9293
459,901.2093
460,900.4913
460,899.7713
460,899.0513
458,898.3314
458,897.6154
458,896.8995
457,896.1835
459,895.4695
459,894.7515
459,893.6745
459,892.9565
459,892.2385
459,891.5204
461,890.4434
461,889.7214
463,888.9993
463,888.2734
463,887.5474
463,886.8215
463,886.0955
464,885.3696
464,884.6415
462,883.9135
462,883.1895
462,882.4655
462,881.7415
462,881.0175
463,880.2935
463,879.2046
463,878.4786
463,877.7527
463,877.0267
463,876.3008
463,875.5748
464,874.8489
464,874.1208
464,873.0288
464,872.3008
464,871.5728
464,870.4807
466,869.7527
466,869.0206
465,868.2886
465,867.5586
465,866.8286
464,866.0986
464,865.3706
465,864.2786
465,863.5486
467,862.8186
467,861.7176
467,860.9836
467,860.2496
467,859.5156
467,858.7816
467,858.0475
467,857.3135
467,856.5795
468,855.4785
468,854.7426
470,854.0066
470,853.2666
470,852.5266
470,851.7866
470,851.0466
470,850.3066
469,849.5667
471,848.8286
470,848.0867
470,846.9767
470,846.2367
470,845.4967
470,844.7567
470,844.0167
470,843.2767
470,842.5367
470,841.7968
470,841.0568
470,840.3168
469,839.5768
468,838.8387
469,837.7348
469,836.9968
469,836.2587
471,835.5207
471,834.7787
471,834.0368
472,833.6658
472,832.5498
472,831.8058
472,831.0618
472,829.9457
472,829.2017
472,828.4577
472,827.3417
472,826.5977
472,825.8536
472,825.1096
472,823.9936
473,823.2496
472,822.5036
472,821.7596
472,821.0156
472,820.2715
472,819.5275
472,818.4115
472,817.6675
473,816.9235
473,815.8045
473,815.0585
473,814.3126
473,813.5666
473,812.8206
474,812.0746
473,811.3266
473,810.5806
472,809.4617
472,808.7177
472,807.9736
472,807.2296
472,806.4856
472,805.7416
472,804.9976
472,804.2535
472,803.5095
472,802.7655
474,802.0215
474,801.2734
476,800.5254
476,799.7734
474,799.0215
475,798.2734
477,797.5234
478,796.7694
477,796.0134
478,795.2594
478,794.1254
477,793.3694
475,792.6154
475,791.8654
475,791.1154
475,790.3654
475,789.6154
475,788.8654
475,788.1154
475,787.3654
475,786.6154
475,785.4904
475,784.7404
475,783.9904
475,783.2404
475,782.4904
475,781.7404
475,780.9904
475,780.2404
476,779.4904
476,778.7385
476,777.9865
475,777.2346
475,776.4846
475,775.7346
476,774.9846
477,774.2326
477,773.4786
477,772.7245
477,771.9705
478,771.2165
478,770.0825
478,769.3265
478,768.5706
480,767.4366
479,766.6766
479,765.9185
479,764.7814
480,764.0234
480,763.2634
481,762.5034
480,761.7414
480,760.9814
480,760.2214
480,759.4614
480,758.7014
480,757.9413
480,757.1813
480,756.4213
480,755.6613
480,754.9013
480,754.1413
480,753.3813
480,752.2413
480,751.4813
480,750.7213
482,749.9612
482,748.8152
482,748.0511
482,747.2871
482,746.1411
482,745.377
482,744.613
482,743.8489
482,742.7029
484,741.9388
484,741.1709
485,740.403
485,739.6329
485,738.8629
485,738.0929
487,736.9379
487,736.1638
488,735.3898
489,734.6138
489,733.4468
489,732.6689
489,731.8909
489,730.724
489,729.946
489,729.1681
489,728.3901
489,727.2232
491,726.4453
491,725.6633
491,724.4903
491,723.7083
491,722.9263
491,722.1443
491,720.9714
490,720.1894
490,719.4094
492,718.2393
492,717.4553
493,716.6712
493,715.8852
493,714.7062
493,713.9202
493,713.1342
493,711.9551
494,711.1691
494,710.3812
494,709.5932
496,708.8052
498,708.0132
498,707.2172
498,706.4212
498,705.6252
498,704.8292
498,704.0331
498,703.2371
498,702.0431
498,701.2471
498,700.451
499,699.257
498,698.459
498,697.663
498,696.867
500,696.071
500,695.2709
500,694.4709
498,693.2708
498,692.4748
498,691.6788
498,690.8828
498,690.0867
500,689.2907
500,688.4907
500,687.6906
500,686.8906
500,686.0905
500,685.2905
500,684.4904
500,683.6904
500,682.8903
500,682.0903
500,681.2902
500,680.0901
498,679.2901
497,678.4941
497,677.7001
497,676.9062
497,676.1122
497,675.3183
497,674.1274
497,673.3334
497,672.5395
497,672.1425
497,670.9516
497,670.1577
497,669.3637
497,668.5698
497,667.7758
497,666.9819
497,665.791
498,664.997
498,664.201
498,663.405
498,662.6089
498,661.8129
498,661.0169
498,660.2209
498,659.0269
497,658.2308
497,657.4369
498,656.246
498,655.45
500,654.6539
498,653.8539
498,652.6599
498,651.8638
498,651.0678
498,650.2718
500,649.4758
500,648.6757
500,647.8757
500,646.6756
500,645.8755
500,645.0755
499,644.2755
501,643.4775
501,642.6755
501,641.8735
501,641.0715
501,639.8685
501,639.0665
501,638.2645
501,637.4625
501,636.6605
502,635.8585
503,635.0545
503,634.2485
503,633.4424
503,632.6364
503,631.8304
503,630.6213
504,629.8153
504,629.0073
504,628.1993
505,626.9874
505,626.1773
505,625.3672
505,624.5572
505,623.7471
505,622.9371
507,622.127
506,621.313
506,620.501
507,619.689
507,618.8751
507,617.6541
507,616.8401
507,616.0262
507,615.2122
507,613.9913
507,613.1773
508,612.3633
508,611.1393
509,610.3232
509,609.5052
509,608.6873
509,607.4603
509,606.6423
509,605.8243
510,604.5973
512,603.7773
513,602.9534
513,602.1273
513,600.8882
513,600.0622
513,599.2361
513,597.9971
513,597.171
513,596.345
513,595.5189
513,594.2798
513,593.4538
513,592.6277
514,591.3887
514,590.5607
514,589.7327
515,588.9047
515,587.6597
515,586.8298
515,585.9998
515,584.7549
515,583.9249
515,583.095
515,582.265
514,581.0201
514,580.1921
514,579.3641
514,578.5361
515,577.7081
515,576.8781
515,576.0482
515,574.8032
514,573.9733
515,573.1453
515,572.3153
514,571.4854
515,570.6573
515,569.8274
515,568.9974
515,567.7525
515,566.9225
515,566.0926
513,565.2626
513,564.4366
511,563.6105
513,562.7885
513,561.9625
513,561.1364
513,560.3104
513,559.4843
513,558.6583
513,557.8322
513,557.0062
513,556.1801
513,554.941
513,554.115
513,553.2889
513,552.4629
513,551.6368
513,550.8108
513,549.9847
513,549.1587
513,547.9196
514,547.0936
514,546.2656
513,545.4376
513,544.6115
514,543.7855
514,542.9575
514,542.1295
514,541.3015
514,540.4734
515,539.6454
515,538.8155
516,537.9855
516,537.1535
516,536.3215
516,535.4894
516,534.2414
515,533.4094
515,532.5794
515,531.7495
515,530.9195
515,530.0895
515,529.2596
515,528.0146
515,527.1847
515,526.3547
515,525.5248
515,524.6948
516,523.8649
516,523.0328
516,522.2008
516,521.3688
515,520.5367
515,519.7068
514,518.8768
514,518.0488
514,517.2208
516,516.3928
516,515.5608
515,514.3127
515,513.4828
515,512.6528
515,511.8228
515,510.9928
514,510.1628
514,509.3348
514,508.0928
514,507.2648
514,506.4368
514,505.1948
514,504.3668
514,503.5388
512,502.7108
512,501.4748
512,500.6508
512,499.8269
512,498.5909
512,497.7669
512,496.943
513,496.119
513,494.88
513,494.054
512,493.228
510,492.4041
510,491.584
510,490.764
509,489.534
509,488.716
509,487.898
509,486.6711
509,485.8531
509,485.0351
509,484.2171
507,482.9901
507,482.1761
507,481.362
508,480.548
508,479.732
507,478.916
506,478.102
505,476.884
505,476.074
505,475.264
505,474.454
507,473.644
508,472.83
508,472.014
508,471.198
508,469.9741
508,469.1581
508,468.3421
508,467.1181
508,466.3022
508,465.4862
508,464.6702
508,463.4462
508,462.6302
508,461.8143
508,460.5903
508,459.7743
506,458.9583
505,458.1463
505,456.9313
503,456.1213
504,455.3153
504,454.5073
504,453.6993
505,452.8914
504,452.0814
504,451.2734
504,450.4654
504,449.6574
504,448.8494
504,447.6375
504,446.8295
505,446.0215
505,445.2115
505,443.9965
503,443.1865
503,442.3805
503,441.5744
503,440.7684
503,439.9624
502,439.1563
502,438.3523
502,437.5483
501,436.7443
500,435.9423
500,434.7423
500,433.9423
500,433.1423
499,432.3423
499,431.1454
499,430.3474
497,429.5494
495,428.7554
495,427.9655
495,427.1755
495,426.3855
494,425.2005
494,424.4125
494,423.6245
494,422.8365
492,422.0484
492,421.2644
492,420.4804
492,419.6964
492,418.5204
492,417.7365
492,416.9525
493,416.1685
493,415.3824
493,414.5964
492,413.8104
494,412.6344
494,411.8464
494,411.0584
494,410.2704
494,409.4823
493,408.6943
493,407.9083
493,407.1223
493,405.9433
493,405.1573
493,404.3712
493,403.5852
493,402.7992
493,402.0132
493,401.2272
493,400.4412
493,399.6552
492,398.8692
490,398.0852
490,397.3051
491,396.5251
490,395.7431
490,394.9631
490,394.1831
490,393.403
490,392.623
490,391.843
490,390.6729
490,389.8929
490,389.1129
490,388.3329
490,387.5528
490,386.7728
488,385.9928
488,385.2168
488,384.4408
488,383.6648
488,382.8888
488,382.1128
488,380.9488
488,380.1728
488,379.3968
486,378.2328
485,377.4608
485,376.6908
484,375.9207
485,374.7687
485,373.9987
485,373.2287
485,372.4587
485,371.6887
485,370.9186
485,370.1486
485,368.9936
485,368.2236
485,367.4536
484,366.6835
482,365.9155
482,365.1516
482,364.3876
482,363.6236
484,362.8596
484,362.0916
484,361.3236
484,360.5556
483,359.7876
482,359.0216
481,358.2576
481,357.4956
482,356.3526
482,355.5886
482,354.8246
482,354.0606
482,353.2967
482,352.5327
480,351.7687
479,351.0087
478,350.2507
479,349.4947
479,348.7367
479,347.5997
479,346.8417
479,346.0837
479,345.3257
479,344.1888
479,343.4308
479,342.6728
479,341.9148
479,341.1568
479,340.3988
479,339.6408
479,338.5038
479,337.7458
479,336.9878
479,336.2298
479,335.4718
478,334.7138
477,333.9578
477,333.2038
477,332.0728
475,331.3187
475,330.5687
475,329.8187
475,329.0687
475,328.3187
475,327.5687
474,326.8187
474,326.0707
474,325.3228
473,324.5748
473,323.4558
473,322.7098
471,321.9639
471,321.2219
470,320.1089
472,319.3689
472,318.6248
470,317.8808
469,317.1408
469,316.4029
469,315.6649
469,314.9269
469,314.1889
469,313.451
469,312.713
469,311.975
469,311.237
468,310.4991
469,309.763
469,309.0251
469,308.2871
469,307.1801
469,306.4421
469,305.7042
469,304.9662
469,303.8592
467,303.1212
467,302.3872
466,301.2862
466,300.5542
466,299.8222
465,299.0902
464,297.9953
464,297.2672
463,296.5392
463,295.4502
463,294.7242
463,293.9982
463,293.2722
463,292.1831
463,291.4571
461,290.7311
459,289.6481
457,288.9301
457,288.2161
457,287.5021
457,286.4312
457,285.7172
457,285.0032
457,283.9322
457,283.2182
455,282.5042
455,281.7942
455,280.7292
455,280.0191
455,279.3091
455,278.2441
455,277.5341
454,276.824
454,276.116
454,275.408
454,274.7
454,273.992
454,273.284
454,272.222
454,271.514
454,270.806
454,270.098
454,269.39
454,268.6819
454,267.9739
454,266.9119
454,266.2039
454,265.4959
454,264.7879
454,264.0799
454,263.3719
454,262.6639
454,261.9559
454,261.2479
454,260.5399
453,259.8318
453,259.1259
453,258.4199
453,257.7139
453,257.0079
453,256.3019
453,255.2429
453,254.5369
453,253.8309
452,253.1249
453,252.4209
453,251.7149
451,251.0089
451,249.9559
451,249.2539
451,248.5519
451,247.8499
450,247.1479
449,246.4479
447,245.7499
447,245.0559
445,244.3619
445,243.6719
445,242.9819
445,242.2919
445,241.2569
445,240.5669
444,239.8769
444,238.8449
444,238.1569
444,237.4689
444,236.781
443,235.749
441,235.063
441,234.381
440,233.358
439,232.678
439,232
437,231.3219
437,230.3109
437,229.6369
437,228.9629
437,227.9519
437,227.2779
437,226.6039
435,225.9299
435,224.9248
435,224.2548
435,223.5848
435,222.5798
434,221.9098
434,221.2418
434,220.5738
434,219.5718
434,218.9038
433,218.2358
433,217.2368
432,216.5708
432,215.9068
432,215.2428
432,214.5788
432,213.9148
432,213.2508
432,212.5868
432,211.5908
432,210.9268
431,210.2628
431,209.6008
431,208.9388
431,208.2768
429,207.6149
428,206.6279
427,205.9719
427,205.3179
426,204.6639
425,203.6859
425,203.0359
424,202.3859
424,201.4139
424,200.7659
424,200.1178
424,199.4698
424,198.8218
424,198.1738
424,197.5258
424,196.8778
424,196.2298
424,195.5818
424,194.9338
424,194.2858
424,193.3137
422,192.6657
421,192.0217
421,191.0587
421,190.4167
421,189.7747
421,189.1327
421,188.1697
420,187.5277
420,186.8877
420,185.9277
420,185.2877
420,184.6477
419,184.0076
419,183.3696
421,182.7316
420,182.0896
418,181.4496
418,180.8136
418,180.1777
418,179.5417
418,178.9057
418,177.9517
418,177.3157
418,176.6797
418,175.7258
416,175.0898
414,174.4578
414,173.8298
414,172.8878
414,172.2598
414,171.6318
414,170.6898
414,170.0618
412,169.4339
410,168.8099
408,167.8799
408,167.2639
408,166.6479
408,166.0319
408,165.4159
408,164.7999
406,164.1839
406,163.5719
406,162.9599
404,162.3479
404,161.7399
403,160.8279
403,160.2219
403,159.6159
403,159.0099
403,158.1009
403,157.4949
401,156.889
401,156.287
400,155.685
400,154.785
400,154.185
398,153.585
397,152.989
397,152.098
397,151.504
395,150.91
394,150.025
393,149.437
392,148.851
391,148.267
390,147.394
389,146.814
389,146.236
389,145.369
389,144.791
388,144.213
387,143.637
387,143.063
387,142.489
387,141.9149
387,141.3409
385,140.7669
385,140.1969
383,139.6269
383,139.0609
383,138.2119
382,137.6459
382,137.0819
382,136.2359
380,135.6719
380,135.1119
380,134.5519
380,133.7119
380,133.1519
380,132.5919
380,132.0319
380,131.4719
380,130.9119
380,130.3519
380,129.5119
380,128.9519
380,128.3919
380,127.8319
380,127.2719
379,126.7119
379,126.1539
379,125.5959
379,124.7589
379,124.201
379,123.643
379,122.806
379,122.248
378,121.69
378,121.134
377,120.3
376,119.746
376,119.194
374,118.642
374,118.0939
374,117.5459
374,116.9979
374,116.4499
374,115.9019
372,115.3539
372,114.8099
372,113.9939
371,113.4499
369,112.9079
368,112.3699
368,111.5659
367,111.0299
366,110.4959
365,109.9639
363,109.4339
363,108.9079
363,108.3819
363,107.5929
363,107.0669
363,106.5409
364,106.0149
364,105.4869
364,104.9589
362,104.4309
361,103.9069
361,103.1239
361,102.6019
361,102.0799
360,101.2969
359,100.7769
359,100.2589
359,99.74088
359,98.96387
358,98.44587
358,97.92986
358,97.15585
357,96.63985
356,96.12584
356,95.61385
354,95.10185
354,94.59386
354,94.08586
354,93.57787
354,93.06987
352,92.56187
351,92.05788
350,91.55588
350,90.80588
348,90.30588
346,89.80988
345,89.31787
345,88.82787
345,88.33786
344,87.84785
344,87.35985
344,86.87184
344,86.38383
344,85.89583
343,85.40782
343,84.92183
343,84.43584
343,83.94984
341,83.46385
341,82.98186
341,82.49986
341,82.01787
341,81.29488
341,80.81288
340,80.33089
339,79.85089
339,79.1339
339,78.6559
337,78.1779
337,77.7039
336,77.2299
335,76.7579
334,76.2879
334,75.8199
332,75.3519
332,74.88789
331,74.42389
331,73.96188
330,73.49988
329,73.03987
327,72.58188
327,71.90089
327,71.44689
327,70.9929
327,70.5389
326,70.08491
325,69.63291
325,69.18291
323,68.73292
323,68.06392
322,67.61792
320,67.17392
320,66.51392
320,66.07391
320,65.63391
320,65.19391
320,64.53391
320,64.0939
318,63.6539
318,63.2179
318,62.78191
318,62.34591
318,61.90991
318,61.47392
316,61.03792
315,60.60592
315,60.17592
315,59.74592
315,59.31592
314,58.88592
314,58.45792
313,58.02991
312,57.60391
312,57.17991
312,56.75591
311,56.3319
310,55.9099
309,55.48991
308,55.07191
307,54.65591
306,54.24191
304,53.8299
304,53.42191
303,53.01391
303,52.60791
302,52.20191
302,51.79791
301,51.19191
300,50.78991
300,50.38991
299,49.98991
299,49.59191
299,49.1939
299,48.7959
299,48.3979
299,47.8009
299,47.40289
299,47.00489
299,46.60689
298,46.20889
298,45.81288
298,45.41688
298,45.02087
298,44.62487
298,44.22887
298,43.83286
298,43.43686
298,43.04086
297,42.64485
296,42.25085
296,41.85886
296,41.46686
294,40.87886
294,40.49086
294,40.10286
294,39.71486
294,39.13286
294,38.74486
293,38.35686
293,37.77785
293,37.39185
292,37.00585
292,36.62185
291,36.23785
292,35.85584
292,35.47184
292,35.08784
292,34.51183
291,34.12783
290,33.74583
289,33.36583
289,32.98783
289,32.60983
289,32.23183
289,31.66484
289,31.28684
287,30.90884
287,30.53484
287,30.16084
287,29.78684
286,29.41284
284,29.04084
283,28.48884
283,28.12284
281,27.75683
281,27.39483
281,27.03284
281,26.67084
281,26.30884
280,25.76584
280,25.40584
280,25.04584
280,24.68583
280,24.32583
280,23.96583
279,23.60583
277,23.24783
277,22.89383
277,22.53983
277,22.18583
275,21.83183
274,21.48183
274,21.13383
274,20.78583
274,20.43783
274,19.91583
274,19.56783
272,19.21984
271,18.87583
271,18.53383
270,18.19184
269,17.85184
269,17.34483
268,17.00683
268,16.67083
268,16.33484
266,15.99884
266,15.66683
264,15.33483
263,15.00683
263,14.68083
262,14.35483
262,14.03084
262,13.70684
262,13.38284
262,13.05884
260,12.73484
259,12.41484
258,12.09684
257,11.78084
257,11.46684
256,11.15284
256,10.84084
258,10.52884
258,10.21284
256,9.896838
256,9.428838
255,9.116838
257,8.806838
255,8.492839
255,8.182839
255,7.872839
254,7.562839
254,7.10084
254,6.79284
254,6.48484
254,6.176841
252,5.714841
252,5.410841
251,5.106842
250,4.653841
250,4.353841
250,4.053841
250,3.753841
251,3.453841
251,3.151841
250,2.849841
250,2.54984
248,2.09984
246,1.80384
246,1.51184
246,1.21984
246,0.92784
245,0.6358399
244,0.3458399
243,0
242,0
242,0
242,0
242,0
240,0
240,0
240,0
238,0
238,0
237,0
235,0
233,0
233,0
232,0
230,0
230,0
229,0
229,0
229,0
228,0
228,0
227,0
225,0
225,0
225,0
225,0
224,0
224,0
223,0
222,0
222,0
220,0
220,0
220,0
219,0
218,0
218,0
217,0
216,0
216,0
214,0
214,0
214,0
214,0
214,0
213,0
213,0
213,0
211,0
209,0
208,0
208,0
207,0
206,0
206,0
206,0
206,0
206,0
206,0
205,0
205,0
205,0
205,0
204,0
203,0
201,0
201,0
199,0
198,0
198,0
198,0
196,0
196,0
196,0
194,0
194,0
194,0
193,0
192,0
192,0
192,0
192,0
192,0
191,0
189,0
189,0
189,0
189,0
188,0
187,0
187,0
187,0
187,0
187,0
188,0
188,0
188,0
188,0
188,0
188,0
188,0
188,0
188,0
187,0
187,0
185,0
184,0
184,0
182,0
182,0
182,0
182,0
181,0
181,0
181,0
181,0
181,0
181,0
180,0
180,0
179,0
177,0
177,0
177,0
176,0
176,0
176,0
177,0
177,0
177,0
177,0
177,0
177,0
177,0
177,0
178,0
176,0
176,0
176,0
176,0
176,0
178,0
177,0
176,0
176,0
174,0
173,0
171,0
170,0
168,0
168,0
167,0
166,0
166,0
165,0
165,0
166,0
166,0
164,0
164,0
164,0
163,0
162,0
162,0
162,0
162,0
162,0
162,0
162,0
162,0
162,0
161,0
159,0
158,0
158,0
157,0
157,0
157,0
155,0
153,0
152,0
152,0
152,0
152,0
152,0
152,0
152,0
152,0
152,0
152,0
150,0
150,0
150,0
150,0
150,0
150,0
150,0
150,0
150,0
149,0
148,0
148,0
147,0
147,0
146,0
145,0
144,0
144,0
142,0
144,0
144,0
144,0
144,0
144,0
144,0
144,0
144,0
144,0
144,0
143,0
143,0
143,0
142,0
142,0
142,0
141,0
141,0
141,0
141,0
140,0
140,0
140,0
138,0
138,0
138,0
138,0
137,0
137,0
136,0
136,0
136,0
136,0
136,0
136,0
134,0
134,0
132,0
132,0
132,0
132,0
130,0
130,0
129,0
128,0
127,0
127,0
127,0
127,0
126,0
126,0
125,0
125,0
125,0
125,0
124,0
122,0
122,0
122,0
121,0
120,0
120,0
120,0
120,0
120,0
120,0
119,0
118,0
118,0
118,0
116,0
115,0
115,0
115,0
115,0
114,0
114,0
114,0
114,0
114,0
113,0
114,0
114,0
114,0
113,0
112,0
112,0
112,0
110,0
108,0
108,0
106,0
106,0
105,0
105,0
105,0
105,0
103,0
103,0
102,0
101,0
100,0
100,0
100,0
99,0
99,0
99,0
98,0
98,0
98,0
98,0
98,0
98,0
96,0
96,0
95,0
95,0
95,0
95,0
95,0
93,0
92,0
91,0
91,0
91,0
91,0
91,0
90,0
90,0
90,0
90,0
90,0
90,0
90,0
89,0
87,0
86,0
84,0
84,0
84,0
83,0
83,0
82,0
82,0
82,0
81,0
81,0
81,0
81,0
81,0
81,0
81,0
81,0
81,0
80,0
80,0
79,0
77,0
77,0
76,0
76,0
76,0
76,0
76,0
76,0
76,0
76,0
74,0
74,0
74,0
74,0
74,0
73,0
71,0
70,0
70,0
68,0
68,0
67,0
67,0
67,0
66,0
66,0
64,0
64,0
62,0
61,0
62,0
61,0
61,0
61,0
60,0
58,0
57,0
57,0
57,0
57,0
56,0
56,0
56,0
56,0
56,0
56,0
56,0
56,0
54,0
54,0
54,0
54,0
54,0
54,0
54,0
54,0
54,0
54,0
54,0
52,0
52,0
51,0
51,0
51,0
51,0
51,0
49,0
47,0
47,0
47,0
47,0
47,0
47,0
47,0
47,0
47,0
47,0
47,0
45,0
45,0
44,0
43,0
43,0
43,0
43,0
42,0
42,0
42,0
41,0
41,0
41,0
41,0
39,0
38,0
37,0
35,0
34,0
34,0
32,0
32,0
32,0
32,0
32,0
31,0
31,0
31,0
31,0
31,0
30,0
31,0
31,0
31,0
31,0
29,0
29,0
28,0
28,0
26,0
26,0
25,0
23,0
22,0
22,0
21,0
20,0
20,0
20,0
20,0
20,0
20,0
19,0
19,0
19,0
18,0
18,0
18,0
18,0
17,0
17,0
17,0
17,0
17,0
17,0
16,0
16,0
16,0
16,0
16,0
16,0
14,0
14,0
13,0
13,0
13,0
13,0
13,0
13,0
13,0
11,0
10,0
10,0
9,0
9,0
9,0
9,0
9,0
8,0
8,0
7,0
6,0
6,0
6,0
5,0
3,0
6,0
6,0
6,0
6,0
6,0
6,0
6,0
6,0
7,0
6,0
4,0
4,0
5,0
5,0
5,0
4,0
7,0
7,0
5,0
5,0
4,0
6,0
6,0
6,0
6,0
6,0
5,0
4,0
7,0
6,0
5,0
5,0
3,0
7,0
5,0
5,0
5,0
4,0
7,0
7,0
7,0
7,0
6,0
4,0
7,0
7,0
7,0
7,0
7,0
5,0
4,0
7,0
6,0
6,0
6,0
6,0
6,0
5,0
5,0
4,0
6,0
6,0
6,0
6,0
4,0
6,0
4,0
6,0
6,0
4,0
7,0
7,0
6,0
6,0
5,0
5,0
5,0
4,0
4,0
5,0
5,0
5,0
4,0
6,0
5,0
4,0
7,0
7,0
5,0
5,0
5,0
4,0
6,0
7,0
6,0
8,0
6,0
6,0
7,0
7,0
7,0
7,0
7,0
7,0
6,0
6,0
6,0
6,0
5,0
4,0
7,0
6,0
4,0
7,0
7,0
7,0
5,0
4,0
6,0
7,0
7,0
7,0
5,0
4,0
5,0
7,0
6,0
6,0
5,0
4,0
5,0
5,0
5,0
5,0
5,0
7,0
7,0
7,0
6,0
6,0
6,0
6,0
6,0
6,0
6,0
6,0
5,0
5,0
5,0
5,0
5,0
5,0
3,0
5,0
7,0
5,0
5,0
5,0
4,0
6,0
7,0
5,0
5,0
5,0
5,0
5,0
5,0
5,0
4,0
7,0
7,0
6,0
4,0
6,0
4,0
7,0
5,0
4,0
7,0
7,0
6,0
6,0
6,0
6,0
5,0
5,0
3,0
5,0
